{
  "camera_name": "cam1",
  "image_size": [
    1920,
    1080
  ],
  "rms_error": 1.1794627984993176,
  "num_images_used": 95,
  "camera_matrix": [
    [
      1281.449100143738,
      0.0,
      988.5230397340792
    ],
    [
      0.0,
      1283.4691498937157,
      546.017151890227
    ],
    [
      0.0,
      0.0,
      1.0
    ]
  ],
  "dist_coeffs": [
    [
      0.03907015097029971,
      -0.18252650781332674,
      1.0502054746140777e-05,
      0.0036492775623006074,
      0.0711426634500347
    ]
  ]
}